rule_id,rule_name,layer,severity,official_spec_basis,implemented_in,tested_by,positive_test,negative_test,network_required,notes
OKF-STRUCT-BUNDLE-MISSING,official bundle root exists,official,error,OKF v0.2 bundle structure,tools/okf/official.mjs,tests/okf/strict-validator.test.ts,strict official validator accepts the minimal valid bundle,invalid root fixture,No,Missing root is a blocking structural failure.
OKF-STRUCT-BUNDLE-ROOT,official bundle root is a directory,official,error,OKF v0.2 bundle structure,tools/okf/official.mjs,tests/okf/strict-validator.test.ts,strict official validator accepts the minimal valid bundle,invalid root fixture,No,Rejects a file or special entry at okf/.
OKF-INDEX-ROOT-MISSING,root index required by repository bundle contract,official,error,OKF v0.2 §8 plus repository root-index contract,tools/okf/discovery.mjs;tools/okf/official.mjs,tests/okf/strict-validator.test.ts,valid root index fixture,missing root index,No,superseded_by_phase_4; historical rule retained for traceability because OKF v0.2 makes the root index optional.
OKF-INDEX-DUPLICATE-CASE,reserved path casing collision,official,error,OKF v0.2 reserved filenames §3.1,tools/okf/discovery.mjs;tools/okf/official.mjs,tests/okf/strict-validator.test.ts,valid lower-case reserved names,case collision fixture,No,Deterministic across Windows and Linux.
OKF-INDEX-CASE,reserved filename uses exact lower-case spelling,official,error,OKF v0.2 reserved filenames §3.1,tools/okf/discovery.mjs;tools/okf/official.mjs,tests/okf/layered-validator.test.ts,valid indexes,upper-case reserved filename,No,Selected casing policy is documented.
OKF-STRUCT-UNSAFE-LINK,official bundle does not follow links,official,error,filesystem safety boundary,tools/okf/discovery.mjs;tools/okf/official.mjs,tests/okf/layered-validator.test.ts,production has no links,symlink or junction fixture,No,Links are classified without reading their targets.
OKF-STRUCT-MD-DIRECTORY,.md directories are not Markdown files,official,error,OKF v0.2 tree contains Markdown files,tools/okf/discovery.mjs;tools/okf/official.mjs,tests/okf/strict-validator.test.ts,valid directory fixture,.md directory fixture,No,Prevents directory/file ambiguity.
OKF-STRUCT-UNEXPECTED-ARTIFACT,official bundle contains Markdown only,official,error,OKF v0.2 bundle structure,tools/okf/discovery.mjs;tools/okf/official.mjs,tests/okf/layered-validator.test.ts,production Markdown inventory,non-Markdown artifact fixture,No,Extension files are never scanned here.
OKF-STRUCT-UNREADABLE,official artifact is readable UTF-8,official,error,OKF v0.2 UTF-8 Markdown requirement,tools/okf/discovery.mjs;tools/okf/official.mjs,tests/okf/strict-validator.test.ts,valid UTF-8 fixture,unreadable or binary fixture,No,No execution of content.
OKF-FRONTMATTER-MISSING,Concept begins with frontmatter,official,error,OKF v0.2 §4/§11,tools/okf/official.mjs,tests/okf/strict-validator.test.ts,valid Concept fixture,missing frontmatter and arbitrary folder,No,Every non-reserved .md is a Concept.
OKF-YAML-INVALID,frontmatter YAML parses,official,error,OKF v0.2 §4,tools/okf/frontmatter.mjs;tools/okf/official.mjs,tests/okf/strict-validator.test.ts,valid YAML fixture,malformed YAML,No,Duplicate keys are rejected by YAML parser.
OKF-FRONTMATTER-NOT-MAPPING,frontmatter root is a mapping,official,error,OKF v0.2 frontmatter metadata block,tools/okf/official.mjs,tests/okf/layered-validator.test.ts,mapping fixture,sequence/scalar root,No,Unknown mapping keys remain accepted.
OKF-TYPE-MISSING,Concept contains type,official,error,OKF v0.2 §4.1/§11,tools/okf/official.mjs,tests/okf/strict-validator.test.ts,typed Concept,missing type,No,Only always-required Concept key.
OKF-TYPE-NOT-STRING,type is a string,official,error,OKF v0.2 §4.1,tools/okf/official.mjs,tests/okf/strict-validator.test.ts,typed Concept,numeric type,No,Unknown string values are allowed.
OKF-TYPE-EMPTY,type is non-empty,official,error,OKF v0.2 §11,tools/okf/official.mjs,tests/okf/strict-validator.test.ts,typed Concept,empty type,No,Whitespace-only values fail.
OKF-COMPUTATION-RUNTIME-MISSING,Attested Computation runtime exists,official,error,OKF v0.2 §10.2,tools/okf/official.mjs,tests/okf/strict-validator.test.ts,non-computation Concept,missing runtime,No,Runtime is required only for this official type.
OKF-INDEX-ROOT-FRONTMATTER,root index has only okf_version 0.2,official,error,OKF v0.2 §8/§12,tools/okf/official.mjs,tests/okf/layered-validator.test.ts,valid root index,invalid root metadata,No,Root frontmatter is optional but constrained when present.
OKF-INDEX-FRONTMATTER,directory index has no frontmatter,official,error,OKF v0.2 §8,tools/okf/official.mjs,tests/okf/layered-validator.test.ts,valid directory index,directory index frontmatter,No,No type is required for indexes.
OKF-LOG-FRONTMATTER,reserved log has no Concept frontmatter,official,error,OKF v0.2 §9,tools/okf/official.mjs,tests/okf/layered-validator.test.ts,valid log,log frontmatter,No,Logs use date-grouped prose.
OKF-LOG-DATE-MISSING,log has a date heading,official,error,OKF v0.2 §9,tools/okf/official.mjs,tests/okf/layered-validator.test.ts,valid log,log without date,No,Date headings use ISO form.
OKF-LOG-DATE-INVALID,log date heading is ISO,official,error,OKF v0.2 §9,tools/okf/official.mjs,tests/okf/layered-validator.test.ts,valid log,non-ISO log heading,No,Leading bold entry labels remain prose.
OKF-SOURCE-RESOURCE-MISSING,source entry has resource, references,error,OKF v0.2 §5.1,tools/okf/references.mjs,tests/okf/strict-validator.test.ts,valid source,source without resource,No,Scope descriptors are accepted when non-path.
OKF-SOURCE-INVALID,sources is a list, references,error,OKF v0.2 §5.1,tools/okf/references.mjs,tests/okf/strict-validator.test.ts,valid source list,scalar sources,No,Separate from structural frontmatter parsing.
OKF-SOURCE-URL-INVALID,absolute URL syntax, references,error,OKF v0.2 §5.1/§6.2,tools/okf/references.mjs,tests/okf/strict-validator.test.ts,external URL syntax,invalid URL,No,No network request in default mode.
OKF-SOURCE-ABSOLUTE,filesystem absolute source rejected, references,error,repository safety rule for local paths,tools/okf/references.mjs,tests/okf/strict-validator.test.ts,bundle-relative source,drive/UNC/file source,No,HTTPS is not treated as filesystem absolute.
OKF-SOURCE-TRAVERSAL,source remains inside bundle, references,error,repository safety boundary for deterministic local resolution,tools/okf/references.mjs,tests/okf/strict-validator.test.ts,inside-bundle source,escaping source,No,Relative paths inside the bundle remain supported.
OKF-SOURCE-NOT-FOUND,local source exists, references,error,OKF v0.2 path-valued source semantics,tools/okf/references.mjs,tests/okf/strict-validator.test.ts,existing local source,missing local source,No,Regular file check follows syntax.
OKF-SOURCE-NOT-FILE,local source is regular file, references,error,OKF v0.2 concrete artifact source,tools/okf/references.mjs,tests/okf/strict-validator.test.ts,existing file,directory source,No,Directories are not silently accepted.
OKF-SOURCE-UNSAFE-LINK,local source does not follow link, references,error,repository filesystem safety,tools/okf/references.mjs,tests/okf/strict-validator.test.ts,regular local source,symlink source,No,Target is inspected with lstat first.
OKF-SOURCE-PERMALINK-NOT-IMMUTABLE,GitHub blob uses full commit SHA, references,error,Phase 2 immutable source contract; OKF URL syntax,tools/okf/references.mjs,tests/okf/strict-validator.test.ts,full-SHA source,branch or short SHA source,No,superseded_by_phase_4; immutable permalink enforcement belongs to OWA provenance, not official OKF conformance.
OKF-SOURCE-REMOTE-NOT-FOUND,optional remote source exists, references,error,optional remote policy,tools/okf/references.mjs,tests/okf/strict-validator.test.ts,remote mode is opt-in,remote 404,Yes,Bounded five-second request only with --remote.
OKF-LINK-TRAVERSAL,internal link remains in bundle, references,error,repository filesystem safety,tools/okf/references.mjs,tests/okf/strict-validator.test.ts,inside link,escaping link,No,Link target is never read outside bundle.
OKF-LINK-BROKEN,broken internal link is visible, references,warning,OKF v0.2 §6.1 requires consumer tolerance,tools/okf/references.mjs,tests/okf/strict-validator.test.ts,valid link,broken link,No,Strict warnings can make it blocking.
OWA-EXT-ROOT-MISSING,extension root exists, extension,error,OWA extension contract,tools/okf/extension.mjs,tests/okf/strict-validator.test.ts,current extension root,missing extension root,No,Official-only mode does not run this rule.
OWA-EXT-MANIFEST-INVALID,manifest JSON parses, extension,error,OWA extension manifest contract,tools/okf/extension.mjs,tests/okf/strict-validator.test.ts,current manifest,malformed manifest,No,Diagnostic is extension-scoped.
OWA-EXT-MANIFEST-SCHEMA,manifest shape and constants, extension,error,OWA manifest schema,tools/okf/extension.mjs,tests/okf/strict-validator.test.ts,current manifest,invalid status/property,No,Not an official OKF rule.
OWA-EXT-MANIFEST-SCHEMA-REF,manifest schema path resolves, extension,error,OWA extension schema contract,tools/okf/extension.mjs,tests/okf/strict-validator.test.ts,current schema reference,removed schema reference,No,Path is bounded inside extension root.
OWA-EXT-MANIFEST-REGISTRY,manifest registry map is canonical, extension,error,OWA extension registry contract,tools/okf/extension.mjs,tests/okf/strict-validator.test.ts,current registry map,wrong registry path,No,Historical paths are rejected.
OWA-EXT-JSON-INVALID,extension JSON parses, extension,error,OWA extension data contract,tools/okf/extension.mjs,tests/okf/strict-validator.test.ts,current JSON files,malformed auxiliary JSON,No,All extension JSON files are scanned.
OWA-EXT-SCHEMA-INVALID,extension schema documents parse, extension,error,OWA extension schema contract,tools/okf/extension.mjs,tests/okf/strict-validator.test.ts,current schemas,malformed schema,No,JSON Schema is supplemented by procedural checks.
OWA-EXT-SCHEMA-REF-BROKEN,local schema refs resolve, extension,error,OWA schema resolution,tools/okf/extension.mjs,tests/okf/strict-validator.test.ts,current schemas,broken $ref,No,External refs are not fetched.
OWA-EXT-REGISTRY-SCHEMA,registry shape and version, extension,error,OWA registry schema,tools/okf/extension.mjs,tests/okf/strict-validator.test.ts,current registries,invalid registry shape,No,Each named registry is checked separately.
OWA-EXT-REGISTRY-FIELD,registry required fields, extension,error,OWA registry schema,tools/okf/extension.mjs,tests/okf/strict-validator.test.ts,current registries,missing id/name/status,No,IDs are subsequently checked globally.
OWA-EXT-REGISTRY-STATUS,registry status enum, extension,error,OWA status model,tools/okf/extension.mjs,tests/okf/strict-validator.test.ts,current statuses,unsupported status,No,Statuses are project-specific uppercase values.
OWA-EXT-REGISTRY-DUPLICATE-ID,registry IDs are globally unique, extension,error,OWA traceability contract,tools/okf/extension.mjs,tests/okf/strict-validator.test.ts,current IDs,duplicate ID,No,Repeated references are not treated as definitions.
OWA-EXT-MAPPING-INVALID,registry mapping type, extension,error,OWA authority mapping contract,tools/okf/extension.mjs,tests/okf/strict-validator.test.ts,current mappings,scalar mapping,No,Mapping arrays are checked before values.
OWA-EXT-MAPPING-BROKEN,registry mapping target, extension,error,OWA authority mapping contract,tools/okf/extension.mjs,tests/okf/strict-validator.test.ts,current mappings,unknown authority ID,No,Authority source text is read locally.
OWA-EXT-PATH-UNSAFE,extension path has no absolute/traversal, extension,error,OWA repository path contract,tools/okf/extension.mjs,tests/okf/strict-validator.test.ts,current relative paths,drive/traversal path,No,Uses lstat for bounded regular-file checks.
OWA-EXT-PATH-NOT-FOUND,extension path exists, extension,error,OWA repository path contract,tools/okf/extension.mjs,tests/okf/strict-validator.test.ts,current paths,removed registry path,No,Focused negative test asserts this rule.
OWA-EXT-VERIFIED-WITHOUT-EVIDENCE,verified node has evidence, extension,error,OWA semantic rules,tools/okf/extension.mjs,tests/okf/strict-validator.test.ts,current evidence,verified node without evidence,No,Project rule only.
OWA-EXT-EVIDENCE-REF-BROKEN,evidence reference resolves, extension,error,OWA evidence graph,tools/okf/extension.mjs,tests/okf/strict-validator.test.ts,current evidence,removed evidence ID,No,Does not affect official Concepts.
OWA-EXT-EVIDENCE-ORPHAN,evidence is referenced, extension,error,OWA evidence graph,tools/okf/extension.mjs,tests/okf/strict-validator.test.ts,current evidence,orphan evidence,No,Official text is read only for traceability.
OWA-EXT-RELATIONSHIP-REF-BROKEN,relationship endpoints resolve, extension,error,OWA relationship graph,tools/okf/extension.mjs,tests/okf/strict-validator.test.ts,current relationships,removed endpoint,No,Graph check remains extension-scoped.
OWA-EXT-PHASE-NUMBER,phase number valid, extension,error,OWA phase registry,tools/okf/extension.mjs,tests/okf/strict-validator.test.ts,current phase registry,invalid phase number,No,Range is project policy.
OWA-EXT-PHASE-MISSING,canonical phases exist, extension,error,OWA phase registry,tools/okf/extension.mjs,tests/okf/strict-validator.test.ts,current phase registry,removed phase,No,Required phases 1-8.
OWA-EXT-CHANGE-MISSING,canonical change records exist, extension,error,OWA change registry,tools/okf/extension.mjs,tests/okf/strict-validator.test.ts,current change registry,removed change,No,Required records are explicit.
OWA-EXT-AUTHORITY-MISSING,authority documents exist, extension,error,OWA authority contract,tools/okf/extension.mjs,tests/okf/strict-validator.test.ts,current authorities,missing authority,No,No network lookup.
OWA-EXT-AUTHORITY-ID-MISSING,critical authority IDs exist, extension,error,OWA traceability contract,tools/okf/extension.mjs,tests/okf/strict-validator.test.ts,current authority IDs,removed critical ID,No,Project rule only.
OWA-EXT-REQUIREMENT-ORPHAN,critical requirements are mapped, extension,error,OWA traceability contract,tools/okf/extension.mjs,tests/okf/strict-validator.test.ts,current registry mappings,orphan requirement,No,Project quality/extension rule.
OWA-EXT-CANONICAL-ARTIFACT-MISSING,canonical extension artifacts exist, extension,error,OWA migration contract,tools/okf/extension.mjs,tests/okf/strict-validator.test.ts,current artifact set,removed canonical file,No,Historical migration artifacts are checked only here.
OWA-EXT-LINK-BROKEN,extension links resolve, extension,error,OWA extension documentation contract,tools/okf/extension.mjs,tests/okf/strict-validator.test.ts,current extension links,broken extension link,No,Separate from official cross-link tolerance.
OWA-QUALITY-ROOT-VERSION,repository root declares version, quality,error,OWA repository policy,tools/okf/policy.mjs,tests/okf/layered-validator.test.ts,current root index,wrong root version,No,Not official conformance.
OWA-QUALITY-YAML-PRODUCER-SAFETY,producer YAML avoids unsafe features, quality,error,OWA repository policy,tools/okf/policy.mjs,tests/okf/layered-validator.test.ts,current frontmatter,anchors/tabs,No,Official parser still accepts valid aliases.
OWA-QUALITY-TAXONOMY,repository type taxonomy, quality,error,OWA repository policy,tools/okf/policy.mjs,tests/okf/layered-validator.test.ts,current taxonomy,unknown project type,No,Unknown official types remain valid.
OWA-QUALITY-REQUIRED-METADATA,project metadata completeness, quality,error,OWA repository policy,tools/okf/policy.mjs,tests/okf/layered-validator.test.ts,current Concepts,missing title/description/status,No,Recommendation is not official.
OWA-QUALITY-H1-MISSING,Concept H1 convention, quality,error,OWA documentation convention,tools/okf/policy.mjs,tests/okf/layered-validator.test.ts,current Concepts,missing H1,No,Official body is otherwise free-form.
OWA-QUALITY-TITLE-MISMATCH,title/H1 consistency, quality,error,OWA documentation convention,tools/okf/policy.mjs,tests/okf/layered-validator.test.ts,current Concepts,mismatched title,No,Project convention only.
OWA-QUALITY-SOURCE-ID,source ID convention, quality,error,OWA provenance convention,tools/okf/policy.mjs,tests/okf/layered-validator.test.ts,current sources,invalid source ID,No,Resource syntax is references-layer responsibility.
OWA-QUALITY-OWA-OBJECT,custom owa shape, quality,error,OWA extension metadata contract,tools/okf/policy.mjs,tests/okf/layered-validator.test.ts,current owa fields,non-object owa,No,Custom field remains separate from official metadata.
OWA-QUALITY-CONCEPT-UNREACHABLE,Concept reachability recommendation, quality,warning,OWA documentation quality,tools/okf/policy.mjs,tests/okf/layered-validator.test.ts,current linked bundle,orphan Concept,No,Warning is non-blocking by default.
OWA-FORMAT-FRONTMATTER-ORDER,canonical frontmatter order, format,warning,OWA formatting convention,tools/okf/policy.mjs,tests/okf/layered-validator.test.ts,current formatted Concepts,reordered fields,No,Formatting is not official conformance.
OWA-FORMAT-TRAILING-WHITESPACE,trailing whitespace, format,warning,OWA formatting convention,tools/okf/policy.mjs,tests/okf/layered-validator.test.ts,current formatted Concepts,trailing whitespace,No,Strict warnings can make it blocking.
OKF-INTERNAL-UNEXPECTED-EXCEPTION,unexpected validator exception, internal,error,validator safety contract,tools/okf/cli.mjs;tools/okf/validate-all.mjs,tests/okf/strict-validator.test.ts,normal validation, injected exception,No,Always exits non-zero and remains visible.
